fecha_art,actividad,herramienta,insumo,comprension_y_adaptacion,prueba_o_limite,resultado,origen
2026-10-09,Análisis de reglas,Documentos y Jira,Parte 3 y EPT-80/83/84/86,Separar factura de verificación y original de registro,No reabrir encabezados históricos,Contrato de diseño documentado,Asistente con instrucciones y decisiones humanas registradas
2026-10-09,Traducción institucional,Cálculo OKLCH a sRGB,globals.css baseline 4f481833,Reducir croma preservando luz y matiz; Outfit y Geist Mono,No modificar web ni usar hex brief como autoridad,Tokens y pares de contraste calculados,Asistente
2026-10-09,Generación inicial,Google Stitch,Prompt de nueve áreas y reglas,Crear mockups y wireframes separados,Respuesta generada no equivale a revisión,18 recursos reales corroborados get_screen,Google Stitch dirigido por asistente
2026-10-09,Autorrevisión inicial,Canvas DOM Stitch,18 pantallas reales,Detectar login excluyente importes distintos años y funciones extra,No declarar aprobación humana,Adaptación dirigida solicitada una vez,Asistente
2026-10-09,Variantes esenciales,Google Stitch,Permisos y estados del contrato,Alumno y copadre sin original; bloqueo expiración carga error validación confirmación,Solicitud no acredita exportación completa,Generación solicitada pendiente de readback,Google Stitch dirigido por asistente
2026-10-09,Recuperación acotada,Google Stitch,18 recursos nuevos,Reexportar ante adaptación no persistida,Mockups DESKTOP pese a MOBILE,Hallazgos abiertos,Stitch dirigido por asistente
2026-10-09,Inspección final,Asistente,26 PNG y manifest,Revisión visual e integridad,Sin aprobación humana,Evidencia bloqueada,Asistente
2026-10-09,Única ronda dirigida,Google Stitch,Revisión independiente,M08 MOBILE y siete variantes nuevas,Ocho correcciones sin PNG cambiado,Hallazgos materiales abiertos; sin aprobación humana,Stitch y asistente
2026-10-09,Pilotos nueva recuperación,Google Stitch,Plan y copy contractual,Una generación individual por M01 y W06,W06 DESKTOP pese a MOBILE,Solo M01 sustituido; colección detenida,Stitch dirigido por asistente
2026-10-10,Decisión de método,Instrucción del usuario en el chat,Fallo documentado de Stitch y ZIP con screen.png de 28 bytes,Cambiar a diseño local reproducible sin inventar IDs ni exportaciones de Stitch,No implica aprobación de la profesora,Método alternativo autorizado y registrado,Decisión humana ejecutada por asistente
2026-10-10,Fuentes tipográficas,npm @fontsource/outfit 5.2.8 y Geist Mono de next,Outfit y Geist Mono del proyecto,Vendorizar solo pesos usados con licencia OFL 1.1,Descarga acotada autorizada por el usuario,Render sin red con fuentes locales,Asistente con autorización humana
2026-10-10,Diseño estático,HTML/CSS local y Playwright,Brief EPT-95 historias EPT-92 casos EPT-93 y decisiones EPT-80 a EPT-87,Un único conjunto de datos ficticios con importes en centavos para evitar contradicciones,Láminas estáticas no prueban comportamiento nativo,44 láminas (9 wireframes 9 mockups 26 variantes),Asistente con instrucciones y reglas humanas
2026-10-10,Verificación visual,Playwright y lectura de cada PNG,44 PNG exportados,Corregir barra inferior mezclada con el contenido marcadores de wireframe y casillas deshabilitadas,Medición de DOM no reemplaza la inspección de la imagen,Defectos corregidos y exportación repetida,Asistente
2026-10-10,Validador CI,Node test,ept95-assets.mjs e impact.test.mjs,Admitir origen diseno-local con hashes de fuente y escaneo de HTML CSS y módulos como contenido activo,Mantener negativas FIFE JPEG hash origen dimensiones y cobertura,Pruebas positivas y negativas específicas,Asistente
